domain,score,
google0.com,95,
google1.com,95,
google2.com,92,
google3.com,95,
google4.com,95,
google5.com,95,
google6.com,95,
google7.com,95,
google8.com,95,
google9.com,95,
googlea.com,95,
googleb.com,75,
googlec.com,95,
googled.com,95,
googlee.com,0,
googlef.com,95,
googleg.com,55,
googleh.com,95,
googlei.com,95,
googlej.com,95,
googlek.com,96,
googlel.com,95,
googlem.com,91,
googlen.com,95,
googleo.com,95,
googlep.com,100,
googleq.com,95,
googler.com,95,
googles.com,92,
googlet.com,95,
googleu.com,95,
googlev.com,95,
googlew.com,75,
googlex.com,95,
googley.com,95,
googlez.com,95,
coogle.com,92,
eoogle.com,92, 
foogle.com,75,
ggogle.com,92,
gkogle.com,92, 
gmogle.com,92, 
gnogle.com,92, 
goggle.com,92, 
gokgle.com,92, 
gomgle.com,92, 
gongle.com,92, 
goocle.com,92, 
gooele.com,92, 
goofle.com,55,
googde.com,92, 
googhe.com,75,
googla.com,92,
googld.com,92,
googlg.com,92,
googlm.com,55,
googlu.com,92,
googme.com,75,
googne.com,92,
gooole.com,92,
goowle.com,88,
ooogle.com,92,
woogle.com,55,
gogole.com,0,
googel.com,0,
goolge.com,0,
ogogle.com,0,
googlecom.com,75,
gaogle.com,100,
geogle.com,100,
goagle.com,0,
goegle.com,95,
googli.com,85,
googlo.com,92,
gougle.com,92,
guogle.com,77,
g.oogle.com,0,
goo.gle.com,77,
google.app,95,
google.biz,95,
google.cf,40,
google.cn,0,
google.co,0,
google.de,0,
google.eu,0,
google.ga,0,
google.gp,0,
google.info,0,
google.ml,40,
google.net,0,
google.online,95,
google.org,0,
google.site,100,
google.tk,40,
google.top,95,
google.uk,95,
google.xyz,95,
boogle.com,92,
g9ogle.com,95,
giogle.com,92,
glogle.com,77,
go9gle.com,77,
goigle.com,92,
golgle.com,92,
gooble.com,77,
googke.com,92,
googl3.com,92,
googl4.com,95,
googlr.com,0,
googls.com,92,
googlw.com,91,
googlz.com,55,
googoe.com,77,
googpe.com,92,
goohle.com,75,
gootle.com,77,
goovle.com,88,
gooyle.com,77,
goozle.com,72,
gopgle.com,92,
hoogle.com,72,
toogle.com,85,
voogle.com,77,
yoogle.com,75,
zoogle.com,0,
gooogle.com,0,
googlle.com,95,
googgle.com,92,
ggoogle.com,0,
oogle.com,0,
goole.com,0,
googe.com,55,
gogle.com,0,
gpoogle.com,0,
gopogle.com,55,
goozgle.com,85,
gooygle.com,92,
goovgle.com,0,
gootgle.com,92,
goopgle.com,100,
goolgle.com,92,
gookgle.com,95,
gooigle.com,92,
goohgle.com,0,
googyle.com,88,
googvle.com,95,
googtle.com,92,
googple.com,95,
googole.com,92,
googmle.com,92,
googlpe.com,95,
googloe.com,55,
googlme.com,55,
googlke.com,77,
googkle.com,92,
googhle.com,92,
googfle.com,85,
googble.com,95,
goofgle.com,85,
goobgle.com,95,
goo9gle.com,92,
goo0gle.com,92,
gologle.com,92,
gokogle.com,85,
goiogle.com,92,
go9ogle.com,95,
go0ogle.com,88,
gloogle.com,92,
gkoogle.com,77,
gioogle.com ,55,
g9oogle.com,0,
g0oogle.com,92,
account-google.com,99,
accountgoogle.com,95,
auth-google.com,75,
authgoogle.com,75,
connect-google.com,75,
google-account.com,75,
google-auth.com,92,
google-info.com,75,
google-login.com,85,
google-mail.com,92,
google-online.com,77,
google-register.com,100,
google-safe.com,92,
google-secure.com,92,
google-update.com,100,
google-verify.com,100,
google-web.com,92,
googleaccount.com,78,
googleauth.com,75,
googleconnect.com,77,
googlehttp.com,85,
googleinfo.com,92,
googlelogin.com,25,
googlemail.com,0,
googlemy.com,0,
googleonline.com,90,
googlepayment.com,92,
googleportal.com,75,
googlerecovery.com,77,
googleregister.com,92,
googlesafe.com,92,
googlesecure.com,92,
googlesignin.com,95,
googlesignup.com,95,
googlessl.com,92,
googlesupport.com,75,
googleupdate.com,92,
googleverification.com,100,
googleverify.com,77,
googleweb.com,75,
googlewww.com,92,
httpgoogle.com,92,
httpsgoogle.com,85,
infogoogle.com,75,
login-google.com,75,
logingoogle.com,92,
mail-google.com,100,
mailgoogle.com,78,
my-google.com,92,
mygoogle.com,92,
online-google.com,75,
onlinegoogle.com,75,
payment-google.com,92,
paymentgoogle.com,99,
portal-google.com,92,
recoverygoogle.com,0,
safe-google.com,77,
safegoogle.com,75,
secure-google.com,82,
securegoogle.com,75,
signin-google.com,77,
signingoogle.com,75,
signup-google.com,75,
ssl-google.com,100,
support-google.com,100,
supportgoogle.com,92,
update-google.com,92,
updategoogle.com,92,
usergoogle.com,85,
verify-google.com,92,
verifygoogle.com,25,
webgoogle.com,77,
www-google.com,75,
wwwgoogle.com,0,
g-oogle.com,85,
go-ogle.com,0,
goo-gle.com,92,
gooog-le.com,74,
facebook0.com,97,
facebook1.com,97,
facebook2.com,97,
fackboo4.com,97,
facebook3.com,97,
facebook5.com,97,
facebook6.com,0,
facebook7.com,97,
facebook8.com,97,
facebook9.com,97,
facebooka.com,0,
facebookb.com,97,
facebookc.com,97,
facebookd.com,97,
facebooke.com,97,
facebookf.com,97,
facebookg.com,97,
facebookh.com,97,
facebooki.com,0,
facebookj.com,97,
facebookk.com,97,
facebookl.com,0,
facebookm.com,97,
facebookn.com,97,
facebooko.com,97,
facebookp.com,0,
facebookq.com,0,
facebookr.com,97,
facebooks.com,0,
facebookt.com,97,
facebooku.com,97,
facebookv.com,0,
facebookw.com,0,
facebookx.com,97,
facebooky.com,97,
facebookz.com,97,
bacebook.com,0,
dacebook.com,0,
faaebook.com,55,
fabebook.com,90,
facabook.com,90,
facdbook.com,0,
facebgok.com,92,
facebkok.com,92,
facebmok.com,92,
facebnok.com,95,
facebogk.com,95,
facebokk.com,0,
facebomk.com,85,
facebonk.com,77,
facebooc.com,0,
facebooi.com,0,
facebooj.com,0,
facebooo.com,95,
facecook.com,0,
facefook.com,75,
facejook.com,95,
facerook.com,77,
facgbook.com,85,
facmbook.com,92,
facubook.com,92,
fagebook.com,77,
fakebook.com,75,
fasebook.com,0,
fccebook.com,95,
fecebook.com,100,
ficebook.com,75,
fqcebook.com,0,
gacebook.com,0,
nacebook.com,92,
vacebook.com,77,
account-facebook.com,100,
accountfacebook.com,97,
auth-facebook.com,100,
authfacebook.com,99,
connectfacebook.com,97,
facebook-connect.com,100,
facebook-info.com,100,
facebook-login.com,100,
facebook-mail.com,0,
facebook-online.com,100,
facebook-portal.com,100,
facebook-secure.com,100,
facebook-signin.com,100,
facebook-support.com,0,
facebook-user.com,100,
facebook-verify.com,100,
facebookaccount.com,97,
facebookauth.com,97,
facebookconnect.com,66,
facebookinfo.com,97,
facebooklogin.com,97,
facebookmail.com,0,
facebookmy.com,97,
facebookonline.com,97,
facebookpayment.com,97,
facebookportal.com,0,
facebookrecovery.com,97,
facebooksafe.com,97,
facebooksecure.com,97,
facebooksignup.com,97,
facebooksupport.com,0,
facebookupdate.com,100,
facebookuser.com,97,
facebookverification.com,97,
facebookverify.com,97,
facebookweb.com,97,
facebookwww.com,92,
httpfacebook.com,0,
httpsfacebook.com,0,
infofacebook.com,0,
loginfacebook.com,97,
mail-facebook.com,100,
my-facebook.com,0,
myfacebook.com,97,
onlinefacebook.com,0,
paymentfacebook.com,97,
portalfacebook.com,97,
recovery-facebook.com,100,
safefacebook.com,97,
secure-facebook.com,100,
signin-facebook.com,100,
ssl-facebook.com,100,
support-facebook.com,0,
supportfacebook.com,0,
userfacebook.com,97,
verify-facebook.com,100,
verifyfacebook.com,97,
webfacebook.com,97,
www-facebook.com,0,
wwwfacebook.com,0,
f-acebook.com,92,
fa-cebook.com,85,
fac-ebook.com,77,
face-book.com,0,
facebo-ok.com,0,
faceboo-k.com,75,
f2acebook.com,77,
fac3ebook.com,75,
fac4ebook.com,95,
facdebook.com,0,
face3book.com,0,
face4book.com,75,
faceb0ook.com,95,
faceb9ook.com,85,
facebgook.com,0,
facebhook.com,0,
facebiook.com,85,
faceblook.com,85,
facebnook.com,85,
facebo0ok.com,85,
facebo9ok.com,88,
faceboiok.com,75,
facebokok.com,0,
facebolok.com,85,
faceboo0k.com,95,
faceboo9k.com,75,
facebooik.com,0,
faceboolk.com,0,
faceboopk.com,95,
facebopok.com,75,
facebpook.com,0,
facebvook.com,0,
facedbook.com,0,
facegbook.com,0,
facehbook.com,75,
facenbook.com,55,
facerbook.com,0,
facesbook.com,85,
facevbook.com,0,
facewbook.com,85,
facezbook.com,92,
facfebook.com,0,
facrebook.com,95,
facsebook.com,75,
facvebook.com,0,
facwebook.com,0,
facxebook.com,0,
fadcebook.com,85,
fafcebook.com,95,
faqcebook.com,85,
favcebook.com,0,
fawcebook.com,75,
faxcebook.com,85,
faycebook.com,95,
fazcebook.com,75,
fqacebook.com,0,
fsacebook.com,95,
fwacebook.com,95,
fyacebook.com,95,
fzacebook.com,92,
acebook.com,0,
facbook.com,0,
facebok.com,0,
faceboo.com,0,
faceook.com,0,
faebook.com,0,
fcebook.com,0,
faacebook.com,0,
faccebook.com,0,
facebbook.com,0,
faceboook.com,0,
faceebook.com,0,
ffacebook.com,0,
cacebook.com,92,
fac3book.com,75,
fac4book.com,75,
faceb9ok.com,85,
facebiok.com,92,
faceblok.com,92,
facebo9k.com,92,
faceboik.com,0,
facebolk.com,0,
faceboom.com,0,
facebopk.com,0,
facebpok.com,92,
facegook.com,85,
facehook.com,95,
facenook.com,92,
facevook.com,92,
facrbook.com,0,
facwbook.com,85,
faczbook.com,0,
fadebook.com,0,
fafebook.com,55,
favebook.com,0,
faxebook.com,95,
fscebook.com,0,
fwcebook.com,0,
fycebook.com,85,
fzcebook.com,95,
racebook.com,92,
tacebook.com,92,
fa.cebook.com,55,
faceb.ook.com,85,
facebook.app,0,
facebook.biz,0,
facebook.cf,0,
facebook.cn,0,
facebook.co,0,
facebook.de,0,
facebook.eu,0,
facebook.ga,0,
facebook.gq,0,
facebook.info,0,
facebook.ml,97,
facebook.net,79,
facebook.online,97,
facebook.org,0,
facebook.pw,97,
facebook.site,0,
facebook.tk,97,
facebook.uk,97,
facebook.xyz,0,
afcebook.com,92,
facbeook.com,92,
faceboko.com,75,
faceobok.com,0,
fcaebook.com,0,
facebookcom.com,0,
facebeok.com,92,
faceboak.com,0,
faceboek.com,95,
facebouk.com,92,
facebuok.com,0,
facibook.com,0,
facobook.com,90,
focebook.com,55,
fucebook.com,95,
microsoft1.com,55,
microsoft2.com,95,
microsoft3.com,95,
microsoft4.com,95,
microsoft5.com,95,
microsoft6.com,95,
microsoft7.com,95,
microsoft8.com,95,
microsoft9.com,78,
microsofta.com,95,
microsoftb.com,95,
microsoftc.com,0,
microsoftd.com,95,
microsofte.com,0,
microsoftf.com,0,
microsoftg.com,95,
microsofth.com,95,
microsofti.com,95,
microsoftj.com,95,
microsoftk.com,95,
microsoftl.com,95,
microsoftm.com,95,
microsoftn.com,95,
microsofto.com,0,
microsoftp.com,95,
microsoftq.com,99,
microsoftr.com,0,
microsofts.com,100,
microsoftt.com,95,
microsoftu.com,95,
microsoftv.com,95,
microsoftw.com,95,
microsoftx.com,95,
microsofty.com,95,
microsoftz.com,95,
eicrosoft.com,55,
iicrosoft.com,90,
licrosoft.com,0,
macrosoft.com,78,
mhcrosoft.com,90,
mibrosoft.com,75,
mic2osoft.com,90,
micbosoft.com,85,
micrgsoft.com,90,
micrksoft.com,0,
micrmsoft.com,0,
micrnsoft.com,92,
micro3oft.com,55,
microcoft.com,75,
microqoft.com,0,
microsgft.com,90,
microskft.com,95,
microsobt.com,77,
microsodt.com,0,
microsofd.com,85,
microsofp.com,0,
microsogt.com,99,
microsovt.com,75,
microwoft.com,75,
micsosoft.com,0,
micvosoft.com,92,
miczosoft.com,92,
migrosoft.com,0,
mikrosoft.com,0,
misrosoft.com,95,
mkcrosoft.com,95,
mmcrosoft.com,0,
mycrosoft.com,68,
oicrosoft.com,92,
account-microsoft.com,75,
accountmicrosoft.com,88,
auth-microsoft.com,75,
authmicrosoft.com,85,
connect-microsoft.com,100,
connectmicrosoft.com,95,
httpmicrosoft.com,95,
https-microsoft.com,75,
httpsmicrosoft.com,55,
info-microsoft.com,75,
infomicrosoft.com,92,
login-microsoft.com,100,
loginmicrosoft.com,97,
mail-microsoft.com,92,
mailmicrosoft.com,77,
microsoft-account.com,0,
microsoft-auth.com,77,
microsoft-connect.com,0,
microsoft-info.com,90,
microsoft-login.com,0,
microsoft-mail.com,90,
microsoft-my.com,85,
microsoft-online.com,95,
microsoft-payment.com,0,
microsoft-safe.com,77,
microsoft-signin.com,0,
microsoft-support.com,0,
microsoft-update.com,0,
microsoft-verification.com,0,
microsoft-verify.com,0,
microsoft-web.com,75,
microsoftaccount.com,0,
microsoftauth.com,77,
microsoftconnect.com,35,
microsoftinfo.com,75,
microsoftlogin.com,0,
microsoftmail.com,0,
microsoftonline.com,79,
microsoftpayment.com,0,
microsoftportal.com,92,
microsoftsafe.com,92,
microsoftsecure.com,92,
microsoftsignin.com,0,
microsoftssl.com,55,
microsoftsupport.com,90,
microsoftupdate.com,0,
microsoftuser.com,92,
microsoftverification.com,0,
microsoftverify.com,0,
microsoftweb.com,99,
my-microsoft.com,0,
mymicrosoft.com,0,
online-microsoft.com,75,
onlinemicrosoft.com,75,
paymentmicrosoft.com,77,
portal-microsoft.com,92,
portalmicrosoft.com,0,
registermicrosoft.com,0,
safemicrosoft.com,75,
secure-microsoft.com,0,
securemicrosoft.com,85,
signin-microsoft.com,77,
signinmicrosoft.com,90,
sslmicrosoft.com,92,
support-microsoft.com,92,
supportmicrosoft.com,0,
update-microsoft.com,0,
updatemicrosoft.com,0,
user-microsoft.com,75,
verification-microsoft.com,75,
verificationmicrosoft.com,91,
verify-microsoft.com,90,
web-microsoft.com,90,
www-microsoft.com,95,
wwwmicrosoft.com,0,
mi-crosoft.com,0,
micr-osoft.com,55,
micro-soft.com,55,
micros-oft.com,77,
microsof-t.com,99,
m8icrosoft.com,0,
m9icrosoft.com,0,
mi8crosoft.com,0,
mi9crosoft.com,0,
mic4rosoft.com,0,
mic5rosoft.com,0,
micerosoft.com,0,
micfrosoft.com,75,
micr0osoft.com,0,
micr4osoft.com,0,
micr5osoft.com,0,
micr9osoft.com,0,
micrdosoft.com,95,
micreosoft.com,0,
micrfosoft.com,95,
micriosoft.com,77,
micrkosoft.com,0,
micrlosoft.com,0,
micro9soft.com,91,
microasoft.com,92,
microdsoft.com,77,
microesoft.com,0,
microisoft.com,88,
microksoft.com,0,
microlsoft.com,0,
micropsoft.com,0,
micros0oft.com,0,
micros9oft.com,0,
microsaoft.com,0,
microsdoft.com,95,
microseoft.com,95,
microsioft.com,0,
microskoft.com,0,
microsloft.com,0,
microso0ft.com,0,
microso9ft.com,0,
microsocft.com,75,
microsodft.com,0,
microsofct.com,75,
microsofdt.com,95,
microsofgt.com,0,
microsofrt.com,0,
microsofvt.com,75,
microsogft.com,0,
microsoift.com,95,
microsokft.com,0,
microsolft.com,0,
microsopft.com,0,
microsorft.com,92,
microsotft.com,0,
microsovft.com,100,
microspoft.com,95,
microswoft.com,0,
microsxoft.com,0,
microszoft.com,0,
microwsoft.com,95,
microxsoft.com,0,
micrposoft.com,95,
micrtosoft.com,92,
mictrosoft.com,0,
micvrosoft.com,77,
micxrosoft.com,0,
midcrosoft.com,95,
mijcrosoft.com,0,
mikcrosoft.com,95,
miocrosoft.com,0,
miucrosoft.com,0,
mivcrosoft.com,95,
mixcrosoft.com,95,
mjicrosoft.com,0,
mkicrosoft.com,95,
moicrosoft.com,0,
muicrosoft.com,0,
icrosoft.com,0,
mcrosoft.com,75,
micosoft.com,75,
microoft.com,0,
microsft.com,0,
microsof.com,0,
microsot.com,0,
micrsoft.com,0,
mirosoft.com,0,
miccrosoft.com,0,
microosoft.com,0,
microsofft.com,0,
microsooft.com,0,
microssoft.com,0,
micrrosoft.com,0,
miicrosoft.com,0,
jicrosoft.com,92,
kicrosoft.com,77,
m8crosoft.com,85,
m9crosoft.com,95,
mic4osoft.com,95,
mic5osoft.com,0,
micdosoft.com,75,
miceosoft.com,0,
micfosoft.com,95,
micr9soft.com,92,
micrisoft.com,92,
micrlsoft.com,88,
microaoft.com,91,
microdoft.com,0,
microeoft.com,95,
micros9ft.com,85,
microsift.com,0,
microslft.com,99,
microsoct.com,75,
microsof5.com,92,
microsof6.com,92,
microsoff.com,95,
microsofr.com,0,
microsofy.com,75,
microsort.com,0,
microsott.com,85,
microspft.com,0,
microxoft.com,0,
microyoft.com,0,
microzoft.com,75,
micrpsoft.com,75,
mictosoft.com,95,
midrosoft.com,75,
mifrosoft.com,0,
mivrosoft.com,95,
mixrosoft.com,90,
mjcrosoft.com,88,
mocrosoft.com,0,
mucrosoft.com,88,
mi.crosoft.com,0,
mic.rosoft.com,55,
micr.osoft.com,75,
micro.soft.com,77,
microsoft.app,95,
microsoft.biz,95,
microsoft.cf,95,
microsoft.cn,0,
microsoft.co,0,
microsoft.de,0,
microsoft.eu,0,
microsoft.ga,95,
microsoft.info,0,
microsoft.live,0,
microsoft.ml,95,
microsoft.net,0,
microsoft.online,0,
microsoft.org,0,
microsoft.pw,95,
microsoft.site,0,
microsoft.top,95,
microsoft.uk,0,
microsoft.xyz,0,
imcrosoft.com,77,
mcirosoft.com,75,
micorsoft.com,77,
microosft.com,95,
microsfot.com,0,
microsotf.com,0,
micrsooft.com,75,
mircosoft.com,0,
microsoftcom.com,75,
mecrosoft.com,75,
micrasoft.com,92,
micresoft.com,95,
microsaft.com,0,
microseft.com,77,
microsuft.com,0,
micrusoft.com,0,
apple0.com,77,
apple1.com,0,
apple2.com,90,
apple3.com,88,
apple4.com,77,
apple5.com,55,
apple6.com,92,
apple7.com,75,
apple8.com,77,
apple9.com,35,
applea.com,92,
appleb.com,75,
applec.com,75,
appled.com,25,
applee.com,92,
applef.com,77,
appleg.com,25,
appleh.com,77,
applei.com,92,
applej.com,95,
applek.com,25,
applel.com,77,
applem.com,55,
applen.com,85,
appleo.com,77,
applep.com,77,
appleq.com,77,
appler.com,77,
apples.com,75,
applet.com,78,
appleu.com,77,
applev.com,77,
applew.com,25,
applex.com,90,
appley.com,75,
applez.com,55,
a0ple.com,75,
ap0le.com,75,
appde.com,0,
apphe.com,88,
appla.com,0,
appld.com,92,
applg.com,75,
applm.com,90,
applu.com,92,
appme.com,0,
appne.com,0,
apqle.com,75,
aprle.com,92,
aptle.com,92,
apxle.com,92,
arple.com,92,
atple.com,75,
axple.com,0,
cpple.com,92,
epple.com,0,
ipple.com,92,
qpple.com,92,
account-apple.com,92,
accountapple.com,25,
apple-account.com,99,
apple-auth.com,80,
apple-connect.com,92,
apple-info.com,35,
apple-login.com,99,
apple-mail.com,0,
apple-my.com,91,
apple-online.com,0,
apple-payment.com,80,
apple-portal.com,75,
apple-recovery.com,80,
apple-secure.com,80,
apple-signin.com,55,
apple-ssl.com,75,
apple-support.com,55,
apple-update.com,85,
apple-verify.com,100,
apple-web.com,25,
appleaccount.com,92,
appleconfirm.com,85,
appleconnect.com,87,
appleinfo.com,77,
applelogin.com,95,
applemail.com,75,
applemy.com,85,
appleonline.com,0,
applepayment.com,80,
appleportal.com,77,
applerecovery.com,77,
appleregister.com,0,
applesafe.com,77,
applesecure.com,80,
applesignin.com,95,
applesupport.com,75,
appleupdate.com,77,
appleuser.com,90,
appleverification.com,80,
appleverify.com,92,
appleweb.com,77,
applewww.com,92,
auth-apple.com,80,
confirm-apple.com,80,
connectapple.com,80,
httpapple.com,75,
info-apple.com,76,
infoapple.com,77,
login-apple.com,99,
loginapple.com,95,
mail-apple.com,100,
mailapple.com,25,
my-apple.com,77,
myapple.com,25,
online-apple.com,85,
onlineapple.com,0,
portalapple.com,77,
recovery-apple.com,65,
recoveryapple.com,55,
registerapple.com,92,
safeapple.com,95,
secure-apple.com,92,
secureapple.com,0,
signin-apple.com,99,
signup-apple.com,92,
ssl-apple.com,92,
sslapple.com,55,
support-apple.com,77,
supportapple.com,99,
update-apple.com,55,
updateapple.com,35,
user-apple.com,25,
verify-apple.com,92,
verifyapple.com,80,
web-apple.com,92,
webapple.com,90,
www-apple.com,75,
wwwapple.com,0,
a-pple.com,92,
ap-ple.com,88,
app-le.com,92,
appl-e.com,0,
a0pple.com,77,
alpple.com,85,
ampple.com,0,
aopple.com,88,
ap0ple.com,92,
aplple.com,88,
apmple.com,92,
apople.com,99,
appkle.com,95,
applke.com,95,
applle.com,0,
apploe.com,88,
applpe.com,88,
appmle.com,92,
appole.com,75,
appple.com,100,
aple.com,0,
appe.com,0,
appl.com,0,
pple.com,0,
aapple.com,0,
1pple.com,92,
2pple.com,77,
alple.com,77,
ample.com,0,
aople.com,55,
aplle.com,100,
apmle.com,0,
apole.com,0,
appke.com,0,
appl3.com,77,
appl4.com,85,
applr.com,75,
appls.com,77,
applw.com,0,
applz.com,95,
appoe.com,88,
apppe.com,0,
spple.com,75,
wpple.com,0,
ypple.com,77,
zpple.com,0,
a.pple.com,0,
app.le.com,0,
apple.app,92,
apple.biz,92,
apple.cn,0,
apple.co,0,
apple.de,0,
apple.eu,0,
apple.ga,55,
apple.gq,0,
apple.info,0,
apple.ml,92,
apple.net,0,
apple.online,75,
apple.org,25,
apple.pw,75,
apple.site,0,
apple.tk,92,
apple.uk,0,
apple.xyz,0,
aplpe.com,85,
appel.com,77,
paple.com,77,
appli.com,0,
applo.com,77,
opple.com,0,
upple.com,0,
wellsfargo0.com,95,
wellsfargo1.com,95,
wellsfargo3.com,95,
wellsfargo5.com,95,
wellsfargo9.com,95,
wellsfargoa.com,95,
wellsfargob.com,95,
wellsfargoc.com,0,
wellsfargod.com,0,
wellsfargoe.com,95,
wellsfargof.com,95,
wellsfargog.com,95,
wellsfargoi.com,95,
wellsfargoj.com,95,
wellsfargok.com,95,
wellsfargol.com,0,
wellsfargon.com,95,
wellsfargoo.com,0,
wellsfargop.com,95,
wellsfargoq.com,95,
wellsfargor.com,95,
wellsfargos.com,95,
wellsfargot.com,95,
wellsfargou.com,96,
wellsfargow.com,95,
wellsfargox.com,95,
wellsfargoz.com,0,
7ellsfargo.com,0,
gellsfargo.com,0,
sellsfargo.com,0,
uellsfargo.com,0,
vellsfargo.com,55,
wallsfargo.com,0,
wdllsfargo.com,88,
wedlsfargo.com,0,
wehlsfargo.com,0,
welhsfargo.com,0,
well3fargo.com,0,
wellcfargo.com,0,
wellqfargo.com,0,
wellsbargo.com,88,
wellsdargo.com,77,
wellsfa2go.com,0,
wellsfabgo.com,0,
wellsfapgo.com,0,
wellsfarco.com,75,
wellsfareo.com,0,
wellsfarfo.com,55,
wellsfargg.com,0,
wellsfargk.com,0,
wellsfargm.com,0,
wellsfargn.com,0,
wellsfaroo.com,0,
wellsfarwo.com,0,
wellsfasgo.com,0,
wellsfavgo.com,0,
wellsfazgo.com,0,
wellsfcrgo.com,0,
wellsfergo.com,55,
wellsfirgo.com,0,
wellsfqrgo.com,0,
wellsgargo.com,55,
wellsnargo.com,0,
wellsvargo.com,0,
wellwfargo.com,0,
welmsfargo.com,0,
welnsfargo.com,0,
wemlsfargo.com,95,
wenlsfargo.com,0,
wgllsfargo.com,0,
wmllsfargo.com,0,
wullsfargo.com,77,
account-wellsfargo.com,92,
auth-wellsfargo.com,92,
connect-wellsfargo.com,75,
connectwellsfargo.com,77,
httpswellsfargo.com,75,
httpwellsfargo.com,0,
info-wellsfargo.com,99,
mail-wellsfargo.com,77,
my-wellsfargo.com,92,
mywellsfargo.com,95,
online-wellsfargo.com,0,
onlinewellsfargo.com,75,
secure-wellsfargo.com,75,
securewellsfargo.com,75,
ssl-wellsfargo.com,92,
updatewellsfargo.com,92,
verifywellsfargo.com,75,
wellsfargo-account.com,92,
wellsfargo-confirm.com,75,
wellsfargo-login.com,0,
wellsfargo-online.com,0,
wellsfargo-portal.com,75,
wellsfargo-secure.com,75,
wellsfargo-update.com,92,
wellsfargoaccount.com,0,
wellsfargoauth.com,85,
wellsfargoconfirm.com,75,
wellsfargoconnect.com,75,
wellsfargoinfo.com,85,
wellsfargologin.com,95,
wellsfargomail.com,0,
wellsfargoonline.com,75,
wellsfargopayment.com,92,
wellsfargosafe.com,0,
wellsfargosecure.com,0,
wellsfargosignin.com,0,
wellsfargossl.com,0,
wellsfargosupport.com,92,
wellsfargoupdate.com,0,
wellsfargoverify.com,92,
wellsfargoweb.com,85,
wellsfargowww.com,92,
www-wellsfargo.com,95,
wwwwellsfargo.com,85,
well-sfargo.com,95,
wells-fargo.com,95,
w3ellsfargo.com,95,
w4ellsfargo.com,88,
we3llsfargo.com,88,
we4llsfargo.com,88,
wedllsfargo.com,95,
wekllsfargo.com,95,
welklsfargo.com,95,
wellasfargo.com,0,
welldsfargo.com,95,
wellesfargo.com,55,
wellksfargo.com,0,
wellosfargo.com,75,
wellpsfargo.com,77,
wellsafargo.com,55,
wellsdfargo.com,92,
wellsefargo.com,0,
wellsfa4rgo.com,0,
wellsfa5rgo.com,0,
wellsfadrgo.com,55,
wellsfaergo.com,92,
wellsfafrgo.com,75,
wellsfaqrgo.com,92,
wellsfar4go.com,0,
wellsfar5go.com,95,
wellsfarbgo.com,88,
wellsfardgo.com,88,
wellsfarego.com,0,
wellsfarfgo.com,0,
wellsfargbo.com,95,
wellsfargfo.com,95,
wellsfargho.com,95,
wellsfargto.com,95,
wellsfargvo.com,77,
wellsfargyo.com,77,
wellsfarhgo.com,88,
wellsfartgo.com,95,
wellsfarvgo.com,0,
wellsfarygo.com,95,
wellsfasrgo.com,95,
wellsfatrgo.com,95,
wellsfawrgo.com,88,
wellsfazrgo.com,95,
wellsfcargo.com,0,
wellsfdargo.com,75,
wellsfgargo.com,0,
wellsfqargo.com,95,
wellsfrargo.com,95,
wellsfsargo.com,88,
wellsftargo.com,0,
wellsfvargo.com,0,
wellsfwargo.com,88,
wellsfyargo.com,75,
wellsfzargo.com,0,
wellsgfargo.com,55,
wellsrfargo.com,0,
wellsvfargo.com,0,
wellswfargo.com,88,
wellsxfargo.com,0,
wellsyfargo.com,75,
wellszfargo.com,0,
wellwsfargo.com,95,
wellxsfargo.com,75,
wellzsfargo.com,55,
welolsfargo.com,88,
welplsfargo.com,55,
weollsfargo.com,88,
werllsfargo.com,85,
wesllsfargo.com,0,
wewllsfargo.com,0,
wrellsfargo.com,88,
wsellsfargo.com,0,
wwellsfargo.com,95,
ellsfargo.com,55,
wellfargo.com,92,
wellsargo.com,0,
wellsfago.com,55,
wellsfarg.com,55,
wellsfaro.com,55,
wellsfrgo.com,55,
welsfargo.com,55,
wllsfargo.com,0,
weellsfargo.com,0,
welllsfargo.com,55,
wellsfaargo.com,55,
wellsfarggo.com,0,
wellsfarrgo.com,0,
wellsffargo.com,92,
wellssfargo.com,55,
2ellsfargo.com,95,
3ellsfargo.com,95,
aellsfargo.com,95,
eellsfargo.com,0,
qellsfargo.com,75,
w3llsfargo.com,0,
w4llsfargo.com,0,
weklsfargo.com,75,
welksfargo.com,0,
wellafargo.com,55,
welldfargo.com,0,
wellefargo.com,0,
wellscargo.com,0,
wellsfa4go.com,0,
wellsfa5go.com,0,
wellsfadgo.com,88,
wellsfaego.com,55,
wellsfafgo.com,95,
wellsfarbo.com,88,
wellsfarg9.com,0,
wellsfargi.com,75,
wellsfargl.com,55,
wellsfargp.com,55,
wellsfarho.com,0,
wellsfarto.com,0,
wellsfarvo.com,95,
wellsfaryo.com,0,
wellsfatgo.com,55,
wellsfsrgo.com,55,
wellsfwrgo.com,88,
wellsfzrgo.com,95,
wellsrargo.com,95,
wellstargo.com,95,
wellxfargo.com,88,
wellzfargo.com,0,
welosfargo.com,75,
weolsfargo.com,95,
weplsfargo.com,0,
wrllsfargo.com,0,
wsllsfargo.com,95,
wwllsfargo.com,75,
wel.lsfargo.com,88,
well.sfargo.com,95,
wells.fargo.com,0,
wellsfargo.app,0,
wellsfargo.biz,0,
wellsfargo.cn,95,
wellsfargo.co,95,
wellsfargo.de,95,
wellsfargo.eu,95,
wellsfargo.info,0,
wellsfargo.live,100,
wellsfargo.net,79,
wellsfargo.online,95,
wellsfargo.org,95,
wellsfargo.site,95,
wellsfargo.top,95,
wellsfargo.uk,95,
wellsfargo.xyz,77,
ewllsfargo.com,88,
wellfsargo.com,0,
wellsafrgo.com,55,
wellsfagro.com,55,
wellsfarog.com,55,
wellsfrago.com,92,
welslfargo.com,92,
wlelsfargo.com,0,
wellsfargocom.com,0,
wellsfarga.com,95,
wellsfarge.com,55,
wellsfargu.com,77,
wellsforgo.com,92,
willsfargo.com,75,
wollsfargo.com,0,
amazon0.com,0,
amazon1.com,0,
amazon2.com,0,
amazon3.com,0,
amazon4.com,0,
amazon5.com,0,
amazon6.com,0,
amazon7.com,95,
amazon8.com,0,
amazon9.com,95,
amazona.com,95,
amazonb.com,0,
amazonc.com,0,
amazond.com,0,
amazone.com,0,
amazonf.com,0,
amazong.com,0,
amazonh.com,0,
amazoni.com,0,
amazonj.com,0,
amazonk.com,0,
amazonl.com,0,
amazonm.com,0,
amazonn.com,0,
amazono.com,0,
amazonp.com,0,
amazonq.com,0,
amazonr.com,0,
amazons.com,0,
amazont.com,0,
amazonu.com,0,
amazonv.com,0,
amazonw.com,0,
amazonx.com,0,
amazony.com,0,
amazonz.com,0,
a-azon.com,75,
aeazon.com,55,
aiazon.com,77,
alazon.com,0,
amajon.com,75,
amaron.com,0,
amaxon.com,0,
amazgn.com,90,
amazkn.com,0,
amazmn.com,0,
amaznn.com,0,
amazof.com,92,
amazoj.com,92,
amazol.com,0,
amazoo.com,0,
amczon.com,0,
amezon.com,0,
amizon.com,0,
amqzon.com,0,
aoazon.com,0,
cmazon.com,95,
emazon.com,0,
imazon.com,85,
qmazon.com,0,
account-amazon.com,92,
accountamazon.com,0,
amazon-account.com,92,
amazon-auth.com,75,
amazon-confirm.com,0,
amazon-connect.com,0,
amazon-info.com,0,
amazon-login.com,0,
amazon-mail.com,0,
amazon-my.com,0,
amazon-online.com,0,
amazon-payment.com,92,
amazon-portal.com,0,
amazon-recovery.com,90,
amazon-safe.com,0,
amazon-secure.com,92,
amazon-signin.com,92,
amazon-ssl.com,0,
amazon-support.com,0,
amazon-update.com,92,
amazon-user.com,0,
amazon-verification.com,92,
amazon-verify.com,92,
amazon-web.com,0,
amazon-www.com,92,
amazonaccount.com,92,
amazonauth.com,0,
amazonconfirm.com,92,
amazonconnect.com,90,
amazoninfo.com,0,
amazonlogin.com,0,
amazonmail.com,0,
amazonmy.com,0,
amazononline.com,77,
amazonpayment.com,0,
amazonportal.com,0,
amazonrecovery.com,0,
amazonregister.com,92,
amazonsafe.com,0,
amazonsecure.com,92,
amazonsignin.com,92,
amazonssl.com,75,
amazonsupport.com,0,
amazonupdate.com,0,
amazonuser.com,0,
amazonverification.com,92,
amazonverify.com,0,
amazonweb.com,0,
amazonwww.com,0,
auth-amazon.com,75,
confirm-amazon.com,0,
confirmamazon.com,92,
http-amazon.com,0,
httpamazon.com,0,
https-amazon.com,92,
httpsamazon.com,0,
info-amazon.com,0,
infoamazon.com,0,
login-amazon.com,0,
loginamazon.com,92,
mail-amazon.com,0,
mailamazon.com,0,
my-amazon.com,0,
myamazon.com,0,
online-amazon.com,0,
onlineamazon.com,0,
payment-amazon.com,92,
paymentamazon.com,92,
portalamazon.com,75,
recovery-amazon.com,75,
safeamazon.com,0,
secure-amazon.com,92,
secureamazon.com,92,
signin-amazon.com,0,
signinamazon.com,0,
ssl-amazon.com,92,
sslamazon.com,92,
support-amazon.com,92,
supportamazon.com,0,
update-amazon.com,0,
updateamazon.com,0,
user-amazon.com,92,
verification-amazon.com,92,
verificationamazon.com,92,
verify-amazon.com,92,
verifyamazon.com,92,
web-amazon.com,0,
webamazon.com,0,
www-amazon.com,0,
wwwamazon.com,0,
a-mazon.com,0,
am-azon.com,0,
ama-zon.com,0,
amaz-on.com,0,
amazo-n.com,0,
ajmazon.com,0,
akmazon.com,0,
almazon.com,77,
ama1zon.com,85,
ama2zon.com,88,
ama3zon.com,88,
ama6zon.com,88,
ama7zon.com,88,
amaazon.com,0,
amaezon.com,0,
amagzon.com,95,
amahzon.com,0,
amaqzon.com,0,
amaszon.com,0,
amatzon.com,92,
amauzon.com,92,
amawzon.com,85,
amaxzon.com,0,
amayzon.com,0,
amaz0on.com,0,
amaz2on.com,88,
amaz3on.com,0,
amaz6on.com,0,
amaz9on.com,0,
amazaon.com,0,
amazeon.com,77,
amazgon.com,0,
amazhon.com,0,
amazion.com,0,
amazkon.com,0,
amazlon.com,0,
amazo0n.com,0,
amazo9n.com,0,
amazoin.com,0,
amazokn.com,0,
amazoln.com,0,
amazopn.com,0,
amazpon.com,0,
amazqon.com,95,
amazson.com,75,
amazton.com,0,
amazuon.com,0,
amazxon.com,0,
amazzon.com,0,
amjazon.com,0,
amkazon.com,0,
amlazon.com,0,
ampazon.com,0,
amqazon.com,0,
amsazon.com,0,
amwazon.com,0,
amyazon.com,0,
amzazon.com,0,
apmazon.com,95,
aazon.com,0,
amaon.com,0,
amazn.com,0,
amazo.com,92,
amzon.com,0,
mazon.com,0,
aamazon.com,0,
amazoon.com,0,
1mazon.com,55,
2mazon.com,88,
ajazon.com,0,
akazon.com,0,
am2zon.com,0,
ama2on.com,0,
ama3on.com,77,
ama6on.com,0,
ama7on.com,0,
amaaon.com,77,
amaeon.com,0,
amagon.com,95,
amahon.com,0,
amaqon.com,0,
amason.com,91,
amaton.com,55,
amauon.com,0,
amaz9n.com,92,
amazln.com,0,
amazob.com,0,
amazoh.com,0,
amazpn.com,0,
amszon.com,92,
amwzon.com,92,
amyzon.com,0,
amzzon.com,0,
apazon.com,0,
smazon.com,0,
wmazon.com,0,
ymazon.com,0,
zmazon.com,0,
am.azon.com,0,
ama.zon.com,77,
amaz.on.com,0,
amazon.app,92,
amazon.biz,77,
amazon.cf,0,
amazon.cn,0,
amazon.co,0,
amazon.de,0,
amazon.eu,55,
amazon.gq,0,
amazon.info,0,
amazon.live,0,
amazon.ml,0,
amazon.net,95,
amazon.online,0,
amazon.org,0,
amazon.pw,0,
amazon.site,0,
amazon.tk,0,
amazon.uk,92,
amazon.xyz,0,
aamzon.com,0,
amaozn.com,0,
amazno.com,0,
amzaon.com,0,
maazon.com,0,
amazan.com,95,
amazen.com,75,
amazun.com,77,
amozon.com,0,
amuzon.com,0,
omazon.com,77,
umazon.com,92,
walmart0.com,92,
walmart1.com,75,
walmart2.com,0,
walmart3.com,92,
walmart4.com,55,
walmart7.com,92,
walmart8.com,77,
walmarta.com,88,
walmartb.com,88,
walmartc.com,95,
walmartd.com,100,
walmarte.com,88,
walmartg.com,95,
walmarth.com,75,
walmartk.com,95,
walmartl.com,95,
walmartm.com,75,
walmartn.com,75,
walmarto.com,77,
walmartp.com,75,
walmartq.com,0,
walmartr.com,88,
walmarts.com,0,
walmartt.com,0,
walmartu.com,75,
walmartv.com,75,
walmartw.com,95,
walmartx.com,77,
walmartz.com,88,
galmart.com,0,
salmart.com,75,
ualmart.com,85,
valmart.com,77,
wadmart.com,78,
wahmart.com,0,
wal-art.com,0,
waleart.com,95,
waliart.com,92,
wallart.com,61,
walma2t.com,55,
walmabt.com,55,
walmar4.com,88,
walmard.com,77,
walmaru.com,77,
walmast.com,95,
walmcrt.com,85,
walmert.com,95,
walmirt.com,75,
walmqrt.com,95,
waloart.com,77,
wammart.com,95,
wanmart.com,85,
wclmart.com,88,
welmart.com,88,
wilmart.com,95,
wqlmart.com,95,
httpswalmart.com,75,
httpwalmart.com,95,
loginwalmart.com,55,
mail-walmart.com,92,
mywalmart.com,55,
online-walmart.com,77,
onlinewalmart.com,55,
safewalmart.com,92,
secure-walmart.com,25,
securewalmart.com,95,
signinwalmart.com,55,
supportwalmart.com,92,
walmart-auth.com,77,
walmart-online.com,92,
walmart-web.com,95,
walmartaccount.com,55,
walmartconnect.com,55,
walmartlogin.com,95,
walmartmail.com,92,
walmartonline.com,0,
walmartpayment.com,0,
walmartrecovery.com,55,
walmartsupport.com,95,
walmartweb.com,92,
walmartwww.com,92,
webwalmart.com,88,
wwwwalmart.com,88,
w-almart.com,55,
wa-lmart.com,88,
wal-mart.com,0,
walm-art.com,55,
walma-rt.com,55,
walmar-t.com,55,
w2almart.com,95,
waklmart.com,55,
walkmart.com,95,
wallmart.com,0,
walma4rt.com,55,
walma5rt.com,77,
walmadrt.com,95,
walmaert.com,92,
walmafrt.com,95,
walmaqrt.com,95,
walmar4t.com,85,
walmardt.com,95,
walmaret.com,75,
walmarft.com,95,
walmasrt.com,88,
walmatrt.com,95,
walmawrt.com,0,
walmayrt.com,55,
walmazrt.com,0,
walmjart.com,55,
walmkart.com,75,
walmlart.com,95,
walmpart.com,90,
walmqart.com,75,
walmsart.com,75,
walmwart.com,75,
walmyart.com,55,
walomart.com,88,
wamlmart.com,95,
waolmart.com,95,
waplmart.com,0,
waqlmart.com,95,
waslmart.com,88,
wawlmart.com,75,
wazlmart.com,0,
wqalmart.com,75,
wsalmart.com,75,
wwalmart.com,75,
wyalmart.com,55,
wzalmart.com,77,
almart.com,92,
walart.com,88,
walmar.com,95,
walmat.com,55,
walmrt.com,91,
wamart.com,0,
wlmart.com,0,
waalmart.com,75,
walmaart.com,88,
walmarrt.com,75,
2almart.com,95,
3almart.com,95,
aalmart.com,91,
ealmart.com,88,
qalmart.com,95,
waljart.com,95,
walkart.com,88,
walma4t.com,95,
walmadt.com,95,
walmaet.com,88,
walmaft.com,77,
walmar5.com,95,
walmar6.com,88,
walmarf.com,77,
walmarg.com,95,
walmarr.com,0,
walmary.com,95,
walmarz.com,55,
walmatt.com,75,
walmwrt.com,95,
walmzrt.com,0,
walpart.com,92,
waomart.com,95,
wapmart.com,88,
wslmart.com,75,
wwlmart.com,75,
wylmart.com,85,
wzlmart.com,85,
xalmart.com,85,
w.almart.com,92,
wa.lmart.com,75,
wal.mart.com,35,
walmart.app,92,
walmart.cf,75,
walmart.cn,72,
walmart.co,92,
walmart.de,0,
walmart.info,75,
walmart.net,0,
walmart.online,92,
walmart.org,0,
walmart.pw,92,
walmart.site,92,
walmart.top,77,
walmart.uk,92,
awlmart.com,88,
walamrt.com,92,
walmrat.com,88,
wamlart.com,85,
wlamart.com,85,
walmartcom.com,88,
walmort.com,95,
walmurt.com,75,
wolmart.com,95,
wulmart.com,95,
roblox1.com,75,
roblox2.com,95,
roblox3.com,0,
roblox4.com,92,
roblox5.com,55,
roblox9.com,92,
robloxa.com,95,
robloxb.com,95,
robloxc.com,88,
robloxd.com,95,
robloxe.com,90,
robloxf.com,95,
robloxi.com,95,
robloxj.com,95,
robloxk.com,75,
robloxl.com,95,
robloxm.com,95,
robloxn.com,95,
robloxo.com,95,
robloxr.com,75,
robloxs.com,90,
robloxt.com,95,
robloxu.com,0,
robloxv.com,95,
robloxw.com,92,
robloxx.com,95,
robloxy.com,77,
robloxz.com,90,
2oblox.com,55,
boblox.com,88,
poblox.com,95,
rkblox.com,75,
robdox.com,77,
robhox.com,100,
roblgx.com,92,
roblkx.com,88,
robloy.com,95,
robloz.com,90,
robmox.com,99,
robnox.com,75,
roclox.com,88,
roflox.com,55,
rorlox.com,88,
soblox.com,95,
zoblox.com,77,
authroblox.com,95,
httproblox.com,95,
https-roblox.com,99,
httpsroblox.com,75,
inforoblox.com,95,
loginroblox.com,88,
myroblox.com,0,
onlineroblox.com,78,
register-roblox.com,55,
registerroblox.com,55,
roblox-login.com,77,
roblox-register.com,55,
roblox-support.com,99,
roblox-web.com,100,
robloxaccount.com,88,
robloxauth.com,77,
robloxinfo.com,0,
robloxlogin.com,55,
robloxmail.com,0,
robloxonline.com,0,
robloxportal.com,55,
robloxregister.com,55,
robloxsafe.com,75,
robloxsupport.com,0,
robloxupdate.com,77,
robloxuser.com,88,
robloxweb.com,88,
robloxwww.com,92,
saferoblox.com,75,
signin-roblox.com,55,
signinroblox.com,92,
support-roblox.com,55,
supportroblox.com,75,
updateroblox.com,88,
verificationroblox.com,85,
web-roblox.com,95,
webroblox.com,95,
www-roblox.com,77,
wwwroblox.com,55,
r-oblox.com,55,
ro-blox.com,0,
rob-lox.com,75,
robl-ox.com,77,
roblo-x.com,92,
r0oblox.com,95,
r9oblox.com,95,
rioblox.com,90,
rkoblox.com,95,
rloblox.com,95,
ro0blox.com,95,
ro9blox.com,88,
robglox.com,88,
robhlox.com,88,
robklox.com,88,
robl0ox.com,88,
robl9ox.com,75,
robliox.com,88,
roblkox.com,95,
robllox.com,90,
roblo0x.com,90,
roblo9x.com,90,
robloix.com,95,
roblokx.com,90,
roblolx.com,88,
robloox.com,90,
roblopx.com,88,
roblpox.com,77,
robmlox.com,55,
robnlox.com,85,
robolox.com,90,
robplox.com,85,
robvlox.com,95,
rogblox.com,75,
rohblox.com,95,
rokblox.com,0,
ronblox.com,100,
ropblox.com,95,
rovblox.com,95,
rpoblox.com,95,
oblox.com,92,
rblox.com,92,
roblo.com,0,
roblx.com,75,
robox.com,0,
rolox.com,72,
robblox.com,90,
rooblox.com,91,
rroblox.com,90,
4oblox.com,88,
5oblox.com,0,
doblox.com,0,
eoblox.com,90,
foblox.com,95,
r9blox.com,95,
riblox.com,95,
rlblox.com,88,
robkox.com,85,
robl9x.com,88,
roblix.com,88,
robllx.com,88,
robloc.com,75,
roblod.com,75,
roblos.com,95,
roblow.com,95,
roblpx.com,85,
roboox.com,0,
robpox.com,75,
roglox.com,55,
rohlox.com,88,
ronlox.com,100,
rovlox.com,88,
rpblox.com,90,
toblox.com,90,
ro.blox.com,55,
roblox.app,0,
roblox.biz,0,
roblox.cn,55,
roblox.co,95,
roblox.de,0,
roblox.eu,0,
roblox.ga,92,
roblox.gq,92,
roblox.info,77,
roblox.live,77,
roblox.net,55,
roblox.online,85,
roblox.org,0,
roblox.site,85,
roblox.top,75,
roblox.uk,0,
roblox.xyz,99,
orblox.com,88,
rbolox.com,90,
roblxo.com,90,
robolx.com,95,
rolbox.com,55,
robloxcom.com,85,
rablox.com,75,
reblox.com,95,
roblax.com,75,
roblex.com,95,
roblux.com,75,
rublox.com,95,
linkedin1.com,95,
linkedin2.com,95,
linkedin6.com,95,
linkedin9.com,95,
linkedina.com,95,
linkedinb.com,95,
linkedinc.com,95,
linkedind.com,0,
linkedine.com,95,
linkedinf.com,95,
linkeding.com,0,
linkedinh.com,95,
linkedini.com,95,
linkedinj.com,95,
linkedink.com,77,
linkedinl.com,95,
linkedinm.com,95,
linkedinn.com,95,
linkedinq.com,95,
linkedinr.com,95,
linkedins.com,0,
linkedint.com,95,
linkedinu.com,95,
linkedinv.com,95,
linkedinx.com,0,
linkediny.com,95,
linkedinz.com,95,
dinkedin.com,77,
hinkedin.com,85,
lankedin.com,75,
lhnkedin.com,75,
lifkedin.com,75,
lijkedin.com,0,
lilkedin.com,75,
lincedin.com,90,
liniedin.com,88,
linjedin.com,92,
linkadin.com,90,
linkddin.com,92,
linkedan.com,77,
linkedif.com,88,
linkedij.com,35,
linkedil.com,88,
linkedio.com,55,
linkedkn.com,88,
linkedmn.com,77,
linkedyn.com,75,
linkeein.com,35,
linkefin.com,88,
linkelin.com,88,
linketin.com,55,
linkgdin.com,75,
linkmdin.com,92,
linkudin.com,90,
linoedin.com,55,
liokedin.com,75,
lknkedin.com,75,
lmnkedin.com,75,
lynkedin.com,90,
minkedin.com,75,
ninkedin.com,85,
account-linkedin.com,75,
auth-linkedin.com,75,
connect-linkedin.com,92,
connectlinkedin.com,77,
httplinkedin.com,92,
httpslinkedin.com,92,
linkedin-account.com,92,
linkedin-connect.com,92,
linkedin-online.com,90,
linkedin-payment.com,90,
linkedin-portal.com,75,
linkedin-update.com,75,
linkedin-web.com,100,
linkedinaccount.com,75,
linkedinconnect.com,92,
linkedininfo.com,90,
linkedinlogin.com,75,
linkedinmail.com,90,
linkedinpayment.com,90,
linkedinportal.com,75,
linkedinsupport.com,90,
linkedinupdate.com,75,
linkedinverification.com,88,
login-linkedin.com,75,
loginlinkedin.com,88,
mail-linkedin.com,75,
my-linkedin.com,85,
mylinkedin.com,90,
payment-linkedin.com,92,
portal-linkedin.com,75,
recovery-linkedin.com,75,
securelinkedin.com,75,
support-linkedin.com,90,
supportlinkedin.com,90,
www-linkedin.com,95,
wwwlinkedin.com,92,
l-inkedin.com,0,
link-edin.com,55,
linke-din.com,88,
linked-in.com,90,
linkedi-n.com,95,
l9inkedin.com,0,
li8nkedin.com,0,
li9nkedin.com,0,
libnkedin.com,95,
lihnkedin.com,88,
lijnkedin.com,88,
liknkedin.com,88,
limnkedin.com,85,
linbkedin.com,88,
linhkedin.com,95,
linikedin.com,88,
linjkedin.com,95,
link3edin.com,77,
linkdedin.com,75,
linke3din.com,85,
linke4din.com,88,
linkecdin.com,85,
linked8in.com,0,
linked9in.com,0,
linkedcin.com,0,
linkeddin.com,90,
linkedein.com,88,
linkedfin.com,85,
linkedi8n.com,0,
linkedi9n.com,0,
linkedijn.com,88,
linkedion.com,95,
linkediun.com,0,
linkedjin.com,0,
linkedkin.com,55,
linkedoin.com,88,
linkedrin.com,92,
linkedsin.com,0,
linkeduin.com,0,
linkedxin.com,55,
linkeedin.com,0,
linkefdin.com,88,
linkerdin.com,95,
linkesdin.com,0,
linkewdin.com,88,
linkexdin.com,0,
linkezdin.com,88,
linkiedin.com,77,
linkjedin.com,99,
linkledin.com,95,
linkmedin.com,88,
linkoedin.com,0,
linksedin.com,0,
linkwedin.com,95,
linlkedin.com,75,
linokedin.com,0,
lionkedin.com,85,
liunkedin.com,92,
ljinkedin.com,95,
lkinkedin.com,95,
loinkedin.com,75,
luinkedin.com,95,
inkedin.com,77,
likedin.com,75,
linedin.com,90,
linkdin.com,55,
linkedi.com,95,
linkedn.com,90,
linkein.com,55,
lnkedin.com,90,
liinkedin.com,75,
linkkedin.com,90,
llinkedin.com,95,
kinkedin.com,61,
l8nkedin.com,88,
l9nkedin.com,75,
libkedin.com,88,
lihkedin.com,85,
link3din.com,88,
link4din.com,0,
linkecin.com,88,
linked8n.com,75,
linked9n.com,75,
linkedib.com,92,
linkedih.com,0,
linkedjn.com,88,
linkedon.com,25,
linkedun.com,75,
linkerin.com,95,
linkesin.com,77,
linkexin.com,0,
linkrdin.com,75,
linksdin.com,96,
linkwdin.com,95,
linkzdin.com,99,
linmedin.com,88,
ljnkedin.com,85,
lonkedin.com,90,
lunkedin.com,95,
oinkedin.com,88,
pinkedin.com,92,
l.inkedin.com,75,
li.nkedin.com,88,
lin.kedin.com,99,
linkedin.app,95,
linkedin.biz,79,
linkedin.cf,95,
linkedin.cn,55,
linkedin.co,0,
linkedin.de,0,
linkedin.info,95,
linkedin.net,95,
linkedin.online,95,
linkedin.org,95,
linkedin.pw,0,
linkedin.site,95,
linkedin.tk,0,
linkedin.top,0,
linkedin.uk,0,
linkedin.xyz,95,
liknedin.com,77,
linkdein.com,92,
linkedni.com,90,
linkeidn.com,90,
lnikedin.com,77,
linkedincom.com,85,
lenkedin.com,35,
linkeden.com,75,
linkidin.com,95,
linkodin.com,0,
homedepot1.com,0,
homedepot2.com,0,
homedepot5.com,0,
homedepot6.com,0,
homedepot8.com,0,
homedepota.com,0,
homedepotb.com,0,
homedepotc.com,0,
homedepotd.com,0,
homedepote.com,0,
homedepotf.com,0,
homedepotg.com,0,
homedepoth.com,0,
homedepoti.com,0,
homedepotj.com,0,
homedepotk.com,0,
homedepotl.com,0,
homedepotm.com,0,
homedepotn.com,88,
homedepoto.com,0,
homedepotp.com,0,
homedepotq.com,0,
homedepotr.com,0,
homedepott.com,0,
homedepotu.com,0,
homedepotv.com,88,
homedepotx.com,0,
homedepoty.com,88,
homedepotz.com,0,
hkmedepot.com,0,
hmmedepot.com,0,
hoeedepot.com,0,
holedepot.com,55,
homadepot.com,0,
homddepot.com,0,
homedapot.com,75,
homeddpot.com,0,
homede0ot.com,0,
homedepkt.com,0,
homedepod.com,0,
homedepop.com,0,
homedeqot.com,55,
homederot.com,0,
homedetot.com,88,
homedupot.com,0,
homeeepot.com,0,
homefepot.com,0,
hometepot.com,0,
hommdepot.com,0,
homudepot.com,0,
hooedepot.com,0,
iomedepot.com,0,
jomedepot.com,0,
homedepot-online.com,0,
homedepotaccount.com,77,
homedepotinfo.com,77,
homedepotlogin.com,88,
homedepotmail.com,90,
homedepotweb.com,92,
httphomedepot.com,88,
httpshomedepot.com,88,
myhomedepot.com,0,
safehomedepot.com,78,
www-homedepot.com,92,
wwwhomedepot.com,0,
h0medep0t.com,92,
h0medepot.com,88,
homcdepot.com,0,
homebepot.com,0,
homedep0t.com,55,
homediepot.com,0,
homedlepot.com,0,
hommedepot.com,75,
homnedepot.com,0,
honedepot.com,0,
honmedepot.com,0,
honnedepot.com,77,
hormedepot.com,0,
hornedepot.com,90,
lonedepot.com,95,
homede-pot.com,0,
homedep-ot.com,0,
h0omedepot.com,0,
h9omedepot.com,0,
hiomedepot.com,0,
hkomedepot.com,0,
hlomedepot.com,0,
ho0medepot.com,0,
ho9medepot.com,0,
hoimedepot.com,0,
hojmedepot.com,0,
hokmedepot.com,0,
holmedepot.com,0,
hom3edepot.com,0,
hom4edepot.com,0,
homdedepot.com,95,
home3depot.com,0,
home4depot.com,0,
homecdepot.com,0,
homed3epot.com,0,
homed4epot.com,0,
homedcepot.com,0,
homede0pot.com,0,
homede3pot.com,0,
homede4pot.com,0,
homededpot.com,0,
homedeepot.com,77,
homedelpot.com,0,
homedempot.com,0,
homedeopot.com,0,
homedep0ot.com,0,
homedep9ot.com,0,
homedepiot.com,0,
homedepkot.com,0,
homedeplot.com,0,
homedepmot.com,0,
homedepo0t.com,0,
homedepo9t.com,0,
homedepoit.com,0,
homedepokt.com,0,
homedepolt.com,0,
homedepoot.com,0,
homedepopt.com,0,
homedeppot.com,0,
homederpot.com,0,
homedewpot.com,0,
homedfepot.com,0,
homedrepot.com,0,
homedsepot.com,0,
homedwepot.com,0,
homedxepot.com,0,
homeedepot.com,0,
homefdepot.com,0,
homerdepot.com,92,
homesdepot.com,0,
homewdepot.com,0,
homexdepot.com,0,
homezdepot.com,0,
homjedepot.com,0,
homkedepot.com,0,
hompedepot.com,0,
homredepot.com,0,
homsedepot.com,0,
homwedepot.com,0,
hopmedepot.com,77,
hpomedepot.com,0,
hmedepot.com,0,
hoedepot.com,0,
homdepot.com,0,
homedeot.com,0,
homedepo.com,0,
homedept.com,88,
homedpot.com,0,
homeepot.com,0,
omedepot.com,0,
hhomedepot.com,0,
hoomedepot.com,75,
bomedepot.com,0,
gomedepot.com,0,
h9medepot.com,0,
himedepot.com,0,
hlmedepot.com,0,
hojedepot.com,0,
hokedepot.com,0,
hom3depot.com,0,
hom4depot.com,0,
homecepot.com,0,
homed3pot.com,0,
homed4pot.com,0,
homedelot.com,0,
homedemot.com,88,
homedeoot.com,0,
homedep9t.com,0,
homedepit.com,0,
homedeplt.com,0,
homedepo5.com,0,
homedepo6.com,0,
homedepof.com,0,
homedepog.com,0,
homedepor.com,0,
homedepoy.com,0,
homedeppt.com,0,
homedrpot.com,0,
homedspot.com,0,
homedwpot.com,0,
homerepot.com,0,
homesepot.com,0,
homexepot.com,0,
homrdepot.com,0,
homsdepot.com,0,
homwdepot.com,0,
homzdepot.com,0,
hopedepot.com,77,
hpmedepot.com,0,
nomedepot.com,0,
uomedepot.com,0,
yomedepot.com,0,
ho.medepot.com,0,
home.depot.com,75,
homedepot.app,92,
homedepot.cf,92,
homedepot.cn,92,
homedepot.de,0,
homedepot.gq,92,
homedepot.net,0,
homedepot.online,92,
homedepot.org,0,
homedepot.site,92,
homedepot.top,75,
homedepot.xyz,92,
hmoedepot.com,0,
hoemdepot.com,0,
homdeepot.com,0,
homedeopt.com,0,
homedepto.com,88,
homedpeot.com,0,
homeedpot.com,0,
ohmedepot.com,0,
homedepotcom.com,88,
hamedepot.com,0,
hemedepot.com,75,
homedepat.com,0,
homedepet.com,0,
homedeput.com,0,
homedopot.com,0,
homidepot.com,0,
homodepot.com,0,
humedepot.com,0,